<?xml version="1.0"?>
<doc>
    <assembly>
        <name>AppSoftware.LicenceEngine.Common</name>
    </assembly>
    <members>
        <member name="T:AppSoftware.LicenceEngine.Common.KeyByteSet">
            <summary>
            Standard KeyByteSet data container.
            </summary>
        </member>
        <member name="T:AppSoftware.LicenceEngine.Common.ActivationKeyFileNotPresentException">
            <summary>
            Exception indicating that the activation key file was not found in the correct location.
            </summary>
        </member>
        <member name="T:AppSoftware.LicenceEngine.Common.TrialPeriodExpiredException">
            <summary>
            Exception indicating that the trial period for this application has expired.
            </summary>
        </member>
        <member name="T:AppSoftware.LicenceEngine.Common.ActivationKeyInvalidException">
            <summary>
            Exception indicating that value in activation key file was invalid.
            </summary>
        </member>
    </members>
</doc>
